{
  "scenario_name": "virtual_custom_latency10ms_bw100000000kbps",
  "latency_ms": 10.0,
  "num_trials": 1,
  "results": {
    "cloud_perception": {
      "ious": [
        0.8640182652889299
      ],
      "parking_times": [
        15.31
      ],
      "iou_mean": 0.8640182652889299,
      "iou_std": 0.0,
      "iou_min": 0.8640182652889299,
      "iou_max": 0.8640182652889299,
      "parking_time_mean": 15.31,
      "parking_time_std": 0.0,
      "parking_time_min": 15.31,
      "parking_time_max": 15.31,
      "valid_parking_times_count": 1
    }
  }
}