{
  "timestamp": "20250815_121513",
  "experiment_config": {
    "modes": [
      "virtual"
    ],
    "clouds": [
      "cloud_perception"
    ],
    "latency_values": [
      10,
      50,
      100
    ],
    "bandwidth_values": [
      100000000.0
    ],
    "trials": 1,
    "video_enabled": true,
    "scenarios": [
      [
        20,
        [
          19,
          21
        ]
      ]
    ]
  },
  "results": {
    "virtual": {
      "cloud_perception_latency10ms_bw100000000kbps": {
        "ious": [
          0.8640182652889299
        ],
        "parking_times": [
          15.31
        ],
        "statistics": {
          "iou_mean": 0.8640182652889299,
          "iou_std": 0.0,
          "iou_min": 0.8640182652889299,
          "iou_max": 0.8640182652889299,
          "trial_count": 1,
          "parking_time_mean": 15.31,
          "parking_time_std": 0.0,
          "parking_time_min": 15.31,
          "parking_time_max": 15.31,
          "valid_parking_times_count": 1
        }
      },
      "cloud_perception_latency50ms_bw100000000kbps": {
        "ious": [
          0.8395804172759588
        ],
        "parking_times": [
          21.5
        ],
        "statistics": {
          "iou_mean": 0.8395804172759588,
          "iou_std": 0.0,
          "iou_min": 0.8395804172759588,
          "iou_max": 0.8395804172759588,
          "trial_count": 1,
          "parking_time_mean": 21.5,
          "parking_time_std": 0.0,
          "parking_time_min": 21.5,
          "parking_time_max": 21.5,
          "valid_parking_times_count": 1
        }
      },
      "cloud_perception_latency100ms_bw100000000kbps": {
        "ious": [
          0.7798332040220838
        ],
        "parking_times": [
          18.05
        ],
        "statistics": {
          "iou_mean": 0.7798332040220838,
          "iou_std": 0.0,
          "iou_min": 0.7798332040220838,
          "iou_max": 0.7798332040220838,
          "trial_count": 1,
          "parking_time_mean": 18.05,
          "parking_time_std": 0.0,
          "parking_time_min": 18.05,
          "parking_time_max": 18.05,
          "valid_parking_times_count": 1
        }
      }
    }
  }
}