{
  "scenario_name": "virtual_custom_latency10ms_bw100000000kbps",
  "latency_ms": 10.0,
  "num_trials": 3,
  "results": {
    "cloud_perception": {
      "ious": [
        0.0,
        0.839262339099601,
        0.0
      ],
      "parking_times": [
        14.82,
        22.2,
        null
      ],
      "iou_mean": 0.27975411303320036,
      "iou_std": 0.3956320607812077,
      "iou_min": 0.0,
      "iou_max": 0.839262339099601,
      "parking_time_mean": 18.509999999999998,
      "parking_time_std": 3.6899999999999995,
      "parking_time_min": 14.82,
      "parking_time_max": 22.2,
      "valid_parking_times_count": 2
    }
  }
}